DateTime,Temperature per Hour,Precipitation per Hour,Snowfall Hourly,Sales,Spots
1609439400.0,0.8,0.03,0.0,42,1
1609443000.0,1.1,0.0,0.0,42,1
1609446600.0,1.1,0.0,0.0,42,1
1609450200.0,1.2,0.1,0.0,42,1
1609453800.0,1.3,0.17,0.0,42,1
1609457400.0,1.6,0.8,0.0,42,1
1609461000.0,1.5,0.86,0.0,39,6
1609464600.0,1.4,0.68,0.0,39,5
1609468200.0,1.2,0.34,0.0,39,5
1609471800.0,0.9,0.31,0.0,39,5
1609475400.0,1.0,0.45,0.0,39,5
1609479000.0,1.1,0.42,0.0,39,2
1609482600.0,1.3,0.35,0.0,39,3
1609486200.0,1.3,0.09,0.0,39,7
1609489800.0,0.4,0.03,0.0,39,7
1609493400.0,0.8,0.0,0.0,39,5
1609497000.0,1.2,0.0,0.0,39,5
1609500600.0,1.6,0.0,0.0,39,5
1609504200.0,1.6,0.0,0.0,39,6
1609507800.0,1.4,0.0,0.0,39,7
1609511400.0,1.0,0.0,0.0,39,8
1609515000.0,0.5,0.0,0.0,39,5
1609518600.0,0.2,0.0,0.0,39,3
1609522200.0,-0.1,0.0,0.0,39,4
1609525800.0,0.6,0.0,0.0,39,4
1609529400.0,0.3,0.0,0.0,39,6
1609533000.0,0.4,0.0,0.0,39,6
1609536600.0,0.2,0.0,0.0,39,4
1609540200.0,0.1,0.0,0.0,39,4
1609543800.0,-0.1,0.0,0.0,39,4
1609547400.0,-0.3,0.0,0.0,39,6
1609551000.0,-0.8,0.0,0.0,39,6
1609554600.0,-0.9,0.0,0.0,39,6
1609558200.0,-1.0,0.0,0.0,39,6
1609561800.0,-0.9,0.0,0.0,39,5
1609565400.0,-0.8,0.0,0.0,39,5
1609569000.0,-1.1,0.0,0.0,39,6
1609572600.0,-1.2,0.0,0.0,39,7
1609576200.0,0.3,0.0,0.0,39,8
1609579800.0,0.7,0.0,0.0,39,8
1609583400.0,0.9,0.0,0.0,39,9
1609587000.0,1.0,0.0,0.0,39,10
1609590600.0,1.1,0.0,0.0,39,12
1609594200.0,0.6,0.0,0.0,39,12
1609597800.0,0.4,0.0,0.0,39,11
1609601400.0,0.1,0.0,0.0,39,9
1609605000.0,-0.2,0.0,0.0,39,7
1609608600.0,-0.1,0.0,0.0,39,6
1609612200.0,-0.4,0.0,0.0,39,6
1609615800.0,-0.8,0.0,0.0,39,4
1609619400.0,-0.8,0.0,0.0,39,4
1609623000.0,-0.7,0.0,0.0,39,4
1609626600.0,-0.7,0.0,0.0,39,4
1609630200.0,-0.7,0.0,0.0,39,4
1609633800.0,-0.9,0.0,0.0,39,6
1609637400.0,-0.8,0.0,0.0,39,6
1609641000.0,-1.8,0.01,0.0,39,6
1609644600.0,-1.6,0.03,0.0,39,6
1609648200.0,-1.4,0.21,0.3,39,6
1609651800.0,-2.4,0.02,0.0,39,4
1609655400.0,-1.8,0.1,0.0,39,5
1609659000.0,-2.2,0.0,0.0,39,6
1609662600.0,-1.6,0.0,0.0,39,7
1609666200.0,-0.5,0.0,0.0,39,8
1609669800.0,0.1,0.0,0.0,39,8
1609673400.0,0.3,0.0,0.0,39,11
1609677000.0,0.3,0.0,0.0,39,8
1609680600.0,0.2,0.0,0.0,39,8
1609684200.0,-0.5,0.0,0.0,39,9
1609687800.0,-1.2,0.0,0.0,39,8
1609691400.0,-1.5,0.0,0.0,39,6
1609695000.0,-1.9,0.0,0.0,39,5
1609698600.0,-1.9,0.0,0.0,39,4
1609702200.0,-2.3,0.0,0.0,39,4
1609705800.0,-2.4,0.0,0.0,39,4
1609709400.0,-2.7,0.0,0.0,39,4
1609713000.0,-3.2,0.0,0.0,39,4
1609716600.0,-3.4,0.0,0.0,39,4
1609720200.0,-3.3,0.0,0.0,42,7
1609723800.0,-3.6,0.0,0.0,42,8
1609727400.0,-3.7,0.0,0.0,42,8
1609731000.0,-3.8,0.0,0.0,42,9
1609734600.0,-3.9,0.0,0.0,42,6
1609738200.0,-4.0,0.0,0.0,42,17
1609741800.0,-4.2,0.0,0.0,44,36
1609745400.0,-4.1,0.0,0.0,47,56
1609749000.0,-3.2,0.0,0.0,47,61
1609752600.0,-1.7,0.0,0.0,47,61
1609756200.0,-0.5,0.0,0.0,47,63
1609759800.0,-0.1,0.0,0.0,47,55
1609763400.0,0.0,0.0,0.0,46,56
1609767000.0,-0.0,0.0,0.0,45,61
1609770600.0,-0.2,0.0,0.0,45,59
1609774200.0,-1.0,0.0,0.0,44,48
1609777800.0,-1.4,0.0,0.0,42,27
1609781400.0,-2.4,0.0,0.0,42,16
1609785000.0,-2.4,0.0,0.0,42,9
1609788600.0,-2.8,0.0,0.0,43,5
1609792200.0,-3.2,0.0,0.0,43,5
1609795800.0,-3.7,0.0,0.0,43,6
1609799400.0,-3.8,0.0,0.0,43,6
1609803000.0,-3.7,0.0,0.0,43,5
1609806600.0,-3.5,0.0,0.0,43,5
1609810200.0,-3.5,0.0,0.0,43,5
1609813800.0,-3.5,0.0,0.0,43,5
1609817400.0,-3.9,0.0,0.0,43,5
1609821000.0,-3.8,0.0,0.0,43,6
1609824600.0,-3.8,0.0,0.0,43,15
1609828200.0,-3.9,0.0,0.0,43,30
1609831800.0,-4.1,0.0,0.0,44,50
1609835400.0,-2.1,0.0,0.0,50,61
1609839000.0,-1.7,0.0,0.0,52,68
1609842600.0,-0.6,0.0,0.0,51,67
1609846200.0,0.3,0.0,0.0,51,65
1609849800.0,0.6,0.0,0.0,52,68
1609853400.0,0.3,0.0,0.0,52,64
1609857000.0,-0.4,0.0,0.0,49,66
1609860600.0,-1.9,0.0,0.0,50,61
1609864200.0,-2.2,0.0,0.0,49,47
1609867800.0,-2.3,0.0,0.0,48,26
1609871400.0,-2.4,0.0,0.0,48,13
1609875000.0,-2.5,0.0,0.0,45,10
1609878600.0,-2.5,0.0,0.0,43,6
1609882200.0,-2.6,0.0,0.0,42,4
1609885800.0,-3.2,0.0,0.0,42,4
1609889400.0,-3.2,0.0,0.0,42,4
1609893000.0,-3.3,0.0,0.0,46,10
1609896600.0,-3.2,0.0,0.0,46,10
1609900200.0,-2.8,0.0,0.0,46,10
1609903800.0,-2.4,0.0,0.0,46,11
1609907400.0,-2.1,0.0,0.0,46,7
1609911000.0,-2.1,0.0,0.0,46,12
1609914600.0,-2.2,0.0,0.0,46,27
1609918200.0,-2.1,0.0,0.0,45,50
1609921800.0,-1.2,0.0,0.0,45,56
1609925400.0,-0.7,0.0,0.0,47,58
1609929000.0,-0.4,0.0,0.0,47,64
1609932600.0,-0.1,0.0,0.0,46,63
1609936200.0,-0.0,0.04,0.0,48,61
1609939800.0,0.2,0.0,0.0,48,63
1609943400.0,0.2,0.07,0.0,45,62
1609947000.0,-0.6,0.06,0.0,44,52
1609950600.0,-1.2,0.0,0.0,44,38
1609954200.0,-1.7,0.0,0.0,44,26
1609957800.0,-1.5,0.0,0.0,45,13
1609961400.0,-1.5,0.0,0.0,45,7
1609965000.0,-1.8,0.0,0.0,45,6
1609968600.0,-2.0,0.0,0.0,45,6
1609972200.0,-1.9,0.0,0.0,45,6
1609975800.0,-2.7,0.0,0.0,45,6
1609979400.0,-2.8,0.0,0.0,45,12
1609983000.0,-2.8,0.0,0.0,45,12
1609986600.0,-3.1,0.0,0.0,45,12
1609990200.0,-3.1,0.0,0.0,45,12
1609993800.0,-3.5,0.0,0.0,45,8
1609997400.0,-3.3,0.0,0.0,45,19
1610001000.0,-3.6,0.0,0.0,47,39
1610004600.0,-3.6,0.0,0.0,48,61
1610008200.0,-1.9,0.0,0.0,51,63
1610011800.0,-1.1,0.0,0.0,49,70
1610015400.0,-0.0,0.0,0.0,49,64
1610019000.0,0.0,0.0,0.0,50,66
1610022600.0,0.3,0.0,0.0,50,68
1610026200.0,0.4,0.0,0.0,48,67
1610029800.0,0.5,0.0,0.0,47,62
1610033400.0,-0.6,0.0,0.0,46,58
1610037000.0,-1.5,0.0,0.0,46,41
1610040600.0,-2.3,0.05,0.0,45,23
1610044200.0,-2.6,0.0,0.0,45,6
1610047800.0,-2.7,0.0,0.0,44,6
1610051400.0,-2.7,0.01,0.0,44,6
1610055000.0,-2.6,0.0,0.0,44,4
1610058600.0,-2.4,0.01,0.0,44,5
1610062200.0,-2.7,0.0,0.0,44,5
1610065800.0,-2.8,0.0,0.0,44,8
1610069400.0,-2.8,0.0,0.0,44,8
1610073000.0,-2.6,0.0,0.0,44,8
1610076600.0,-3.0,0.01,0.0,44,8
1610080200.0,-2.9,0.0,0.0,44,6
1610083800.0,-2.8,0.0,0.0,44,11
1610087400.0,-2.8,0.0,0.0,43,29
1610091000.0,-2.8,0.0,0.0,44,56
1610094600.0,-2.7,0.0,0.0,44,64
1610098200.0,-1.9,0.0,0.0,44,65
1610101800.0,-1.0,0.0,0.0,44,66
1610105400.0,-0.5,0.0,0.0,44,65
1610109000.0,-0.2,0.0,0.0,45,74
1610112600.0,0.1,0.0,0.0,46,78
1610116200.0,-0.1,0.0,0.0,47,75
1610119800.0,-2.1,0.0,0.0,46,68
1610123400.0,-2.9,0.0,0.0,46,52
1610127000.0,-3.1,0.0,0.0,45,31
1610130600.0,-3.2,0.0,0.0,45,16
1610134200.0,-3.3,0.0,0.0,44,8
1610137800.0,-3.4,0.0,0.0,43,8
1610141400.0,-3.3,0.0,0.0,43,8
1610145000.0,-3.4,0.0,0.0,43,6
1610148600.0,-3.6,0.0,0.0,43,7
1610152200.0,-3.6,0.0,0.0,43,8
1610155800.0,-3.8,0.0,0.0,43,8
1610159400.0,-4.0,0.0,0.0,43,8
1610163000.0,-4.3,0.0,0.0,43,8
1610166600.0,-4.5,0.0,0.0,43,7
1610170200.0,-4.7,0.0,0.0,43,11
1610173800.0,-4.6,0.0,0.0,43,16
1610177400.0,-4.1,0.0,0.0,42,24
1610181000.0,-4.6,0.0,0.0,43,30
1610184600.0,-3.6,0.0,0.0,43,32
1610188200.0,-2.8,0.0,0.0,43,35
1610191800.0,-1.9,0.0,0.0,44,38
1610195400.0,-1.8,0.0,0.0,44,45
1610199000.0,-1.7,0.0,0.0,43,41
1610202600.0,-2.0,0.0,0.0,43,37
1610206200.0,-2.2,0.0,0.0,43,32
1610209800.0,-2.4,0.0,0.0,41,16
1610213400.0,-2.6,0.0,0.0,42,17
1610217000.0,-3.1,0.0,0.0,42,13
1610220600.0,-3.2,0.0,0.0,42,10
1610224200.0,-3.3,0.0,0.0,42,11
1610227800.0,-3.7,0.0,0.0,42,9
1610231400.0,-4.4,0.0,0.0,42,9
1610235000.0,-4.9,0.0,0.0,42,7
1610238600.0,-5.3,0.0,0.0,42,14
1610242200.0,-5.6,0.0,0.0,42,14
1610245800.0,-5.6,0.0,0.0,42,14
1610249400.0,-5.9,0.0,0.0,42,14
1610253000.0,-6.3,0.0,0.0,42,14
1610256600.0,-6.4,0.0,0.0,42,8
1610260200.0,-6.6,0.0,0.0,42,8
1610263800.0,-6.7,0.0,0.0,42,8
1610267400.0,-4.1,0.0,0.0,42,9
1610271000.0,-3.5,0.0,0.0,42,10
1610274600.0,-2.8,0.0,0.0,43,11
1610278200.0,-1.9,0.0,0.0,43,11
1610281800.0,-1.4,0.0,0.0,43,13
1610285400.0,-1.1,0.0,0.0,42,14
1610289000.0,-1.6,0.0,0.0,41,10
1610292600.0,-2.3,0.0,0.0,41,10
1610296200.0,-3.0,0.0,0.0,41,6
1610299800.0,-3.5,0.0,0.0,42,7
1610303400.0,-3.9,0.0,0.0,42,8
1610307000.0,-4.2,0.0,0.0,42,8
1610310600.0,-4.5,0.0,0.0,42,7
1610314200.0,-5.0,0.0,0.0,42,7
1610317800.0,-5.4,0.0,0.0,42,7
1610321400.0,-5.5,0.0,0.0,42,6
1610325000.0,-5.8,0.0,0.0,43,12
1610328600.0,-6.0,0.0,0.0,43,12
1610332200.0,-6.1,0.0,0.0,43,12
1610335800.0,-6.3,0.0,0.0,43,12
1610339400.0,-6.0,0.0,0.0,43,7
1610343000.0,-5.7,0.0,0.0,43,21
1610346600.0,-5.6,0.0,0.0,43,33
1610350200.0,-5.6,0.0,0.0,45,52
1610353800.0,-5.2,0.0,0.0,48,64
1610357400.0,-3.9,0.0,0.0,48,68
1610361000.0,-2.9,0.0,0.0,48,73
1610364600.0,-2.4,0.0,0.0,48,63
1610368200.0,-2.0,0.0,0.0,46,65
1610371800.0,-1.5,0.0,0.0,46,64
1610375400.0,-1.1,0.0,0.0,45,63
1610379000.0,-2.3,0.0,0.0,45,59
1610382600.0,-2.5,0.0,0.0,44,43
1610386200.0,-2.9,0.0,0.0,45,25
1610389800.0,-2.8,0.0,0.0,45,11
1610393400.0,-2.4,0.0,0.0,45,7
1610397000.0,-2.7,0.0,0.0,45,5
1610400600.0,-2.6,0.0,0.0,45,6
1610404200.0,-2.3,0.0,0.0,45,4
1610407800.0,-2.2,0.0,0.0,45,5
1610411400.0,-2.1,0.0,0.0,45,5
1610415000.0,-2.5,0.0,0.0,45,5
1610418600.0,-1.9,0.0,0.0,45,5
1610422200.0,-1.7,0.0,0.0,45,5
1610425800.0,-1.7,0.0,0.0,45,5
1610429400.0,-1.4,0.0,0.0,45,17
1610433000.0,-1.3,0.04,0.0,45,39
1610436600.0,-0.3,0.47,0.7,48,66
1610440200.0,-2.1,0.29,0.4,50,72
1610443800.0,-1.1,0.71,1.0,50,73
1610447400.0,0.7,0.46,0.7,50,72
1610451000.0,1.3,0.41,0.0,49,69
1610454600.0,0.4,0.3,0.4,48,70
1610458200.0,-0.1,0.56,0.8,47,72
1610461800.0,-0.3,0.97,1.4,46,70
1610465400.0,0.6,1.77,0.0,46,65
1610469000.0,0.6,1.6,0.0,46,48
1610472600.0,1.1,1.24,0.0,46,30
1610476200.0,1.0,1.15,0.0,46,21
1610479800.0,1.2,0.64,0.0,46,11
1610483400.0,1.6,0.97,0.0,46,11
1610487000.0,2.0,0.59,0.0,46,11
1610490600.0,2.0,0.12,0.0,46,8
1610494200.0,1.6,0.13,0.0,46,8
1610497800.0,1.4,0.05,0.0,46,11
1610501400.0,1.2,0.06,0.0,46,11
1610505000.0,1.1,0.22,0.0,46,11
1610508600.0,0.8,0.04,0.0,46,12
1610512200.0,1.3,0.0,0.0,46,11
1610515800.0,0.8,0.0,0.0,46,21
1610519400.0,0.6,0.0,0.0,46,32
1610523000.0,0.9,0.0,0.0,51,64
1610526600.0,1.0,0.0,0.0,50,68
1610530200.0,2.0,0.0,0.0,51,72
1610533800.0,3.0,0.0,0.0,50,70
1610537400.0,3.7,0.0,0.0,50,61
1610541000.0,3.8,0.0,0.0,49,62
1610544600.0,3.8,0.0,0.0,48,65
1610548200.0,3.5,0.0,0.0,46,66
1610551800.0,3.4,0.47,0.0,46,57
1610555400.0,2.3,2.09,0.0,46,39
1610559000.0,1.5,1.46,0.0,44,28
1610562600.0,1.4,1.63,0.0,45,16
1610566200.0,3.1,1.67,0.0,45,12
1610569800.0,3.7,1.34,0.0,45,9
1610573400.0,4.0,0.67,0.0,45,8
1610577000.0,4.1,1.58,0.0,45,8
1610580600.0,3.8,1.04,0.0,45,8
1610584200.0,3.6,0.59,0.0,45,11
1610587800.0,3.8,0.13,0.0,45,11
1610591400.0,4.0,0.16,0.0,45,11
1610595000.0,4.4,0.09,0.0,45,11
1610598600.0,4.4,0.01,0.0,45,10
1610602200.0,4.4,0.01,0.0,45,23
1610605800.0,4.3,0.11,0.0,45,40
1610609400.0,1.5,0.48,0.0,47,61
1610613000.0,3.4,0.73,0.0,50,64
1610616600.0,2.9,0.58,0.0,49,67
1610620200.0,2.7,0.52,0.0,49,69
1610623800.0,3.2,1.01,0.0,48,69
1610627400.0,3.2,1.05,0.0,48,67
1610631000.0,2.9,0.86,0.0,48,64
1610634600.0,3.0,0.75,0.0,46,64
1610638200.0,3.1,0.98,0.0,46,61
1610641800.0,2.0,0.93,0.0,46,35
1610645400.0,1.3,0.73,0.0,43,23
1610649000.0,1.0,0.89,0.0,43,12
1610652600.0,0.9,0.89,0.0,42,8
1610656200.0,0.7,1.02,0.0,42,8
1610659800.0,0.7,0.78,0.0,42,7
1610663400.0,0.7,0.85,0.0,42,4
1610667000.0,-0.4,0.28,0.4,42,5
1610670600.0,-0.2,0.07,0.0,43,5
1610674200.0,-0.5,0.04,0.0,43,5
1610677800.0,-0.5,0.01,0.0,43,6
1610681400.0,-0.4,0.1,0.0,43,7
1610685000.0,0.2,0.0,0.0,43,7
1610688600.0,-0.2,0.0,0.0,43,17
1610692200.0,-0.6,0.0,0.0,43,36
1610695800.0,-0.3,0.82,1.2,44,58
1610699400.0,-0.7,1.35,2.0,48,66
1610703000.0,-1.2,0.57,0.8,48,68
1610706600.0,-1.2,0.55,0.8,48,69
1610710200.0,-1.6,0.73,1.1,48,63
1610713800.0,-1.7,0.6,0.9,49,61
1610717400.0,-2.2,0.2,0.3,47,65
1610721000.0,-2.7,0.04,0.0,47,58
1610724600.0,-3.3,0.0,0.0,46,52
1610728200.0,-4.7,0.0,0.0,46,43
1610731800.0,-5.3,0.0,0.0,44,28
1610735400.0,-6.3,0.0,0.0,44,18
1610739000.0,-6.2,0.0,0.0,43,8
1610742600.0,-5.7,0.0,0.0,43,8
1610746200.0,-5.7,0.0,0.0,43,8
1610749800.0,-6.0,0.0,0.0,43,8
1610753400.0,-6.3,0.0,0.0,43,6
1610757000.0,-6.3,0.0,0.0,42,6
1610760600.0,-6.1,0.0,0.0,42,6
1610764200.0,-6.3,0.0,0.0,42,6
1610767800.0,-6.7,0.0,0.0,42,6
1610771400.0,-6.7,0.0,0.0,42,6
1610775000.0,-6.6,0.0,0.0,42,13
1610778600.0,-6.7,0.0,0.0,42,19
1610782200.0,-7.5,0.0,0.0,41,25
1610785800.0,-5.8,0.0,0.0,42,29
1610789400.0,-4.3,0.0,0.0,42,29
1610793000.0,-3.6,0.0,0.0,42,36
1610796600.0,-3.8,0.0,0.0,42,35
1610800200.0,-3.5,0.0,0.0,42,34
1610803800.0,-3.5,0.0,0.0,42,37
1610807400.0,-3.6,0.0,0.0,43,35
1610811000.0,-3.6,0.0,0.0,43,22
1610814600.0,-3.2,0.0,0.0,43,17
1610818200.0,-2.8,0.0,0.0,41,9
1610821800.0,-2.5,0.0,0.0,41,9
1610825400.0,-2.1,0.17,0.2,41,8
1610829000.0,-1.9,0.42,0.6,41,9
1610832600.0,-2.0,0.34,0.5,42,7
1610836200.0,-2.0,0.3,0.4,42,5
1610839800.0,-1.9,0.17,0.3,42,5
1610843400.0,-1.9,0.0,0.0,42,5
1610847000.0,-1.5,0.03,0.0,42,5
1610850600.0,-1.1,0.01,0.0,42,5
1610854200.0,0.5,0.02,0.0,42,5
1610857800.0,1.7,0.0,0.0,42,5
1610861400.0,2.0,0.0,0.0,42,6
1610865000.0,1.7,0.01,0.0,42,8
1610868600.0,1.3,0.01,0.0,42,8
1610872200.0,0.9,0.01,0.0,42,7
1610875800.0,0.8,0.01,0.0,42,8
1610879400.0,1.1,0.61,0.0,42,8
1610883000.0,1.4,1.21,0.0,42,8
1610886600.0,1.2,0.64,0.0,42,8
1610890200.0,1.1,0.52,0.0,42,6
1610893800.0,1.0,0.76,0.0,42,6
1610897400.0,0.8,0.08,0.0,42,6
1610901000.0,0.8,0.0,0.0,42,5
1610904600.0,0.8,0.0,0.0,42,7
1610908200.0,0.7,0.08,0.0,42,5
1610911800.0,0.7,0.15,0.0,42,5
1610915400.0,0.5,0.02,0.0,42,6
1610919000.0,0.4,0.0,0.0,42,6
1610922600.0,0.8,0.0,0.0,42,6
1610926200.0,0.5,0.0,0.0,42,6
1610929800.0,0.4,0.01,0.0,43,6
1610933400.0,0.4,0.0,0.0,43,6
1610937000.0,0.3,0.0,0.0,43,6
1610940600.0,0.1,0.01,0.0,43,6
1610944200.0,0.3,0.0,0.0,43,6
1610947800.0,0.2,0.0,0.0,43,21
1610951400.0,-0.3,0.0,0.0,43,34
1610955000.0,-0.6,0.0,0.0,43,43
1610958600.0,-0.5,0.0,0.0,44,49
1610962200.0,0.2,0.0,0.0,45,52
1610965800.0,0.9,0.0,0.0,45,53
1610969400.0,1.3,0.0,0.0,45,51
1610973000.0,1.4,0.0,0.0,45,51
1610976600.0,1.3,0.0,0.0,44,50
1610980200.0,0.8,0.0,0.0,44,47
1610983800.0,-0.4,0.0,0.0,43,45
1610987400.0,-1.0,0.0,0.0,43,34
1610991000.0,-1.9,0.0,0.0,42,20
1610994600.0,-2.1,0.0,0.0,42,9
1610998200.0,-2.2,0.0,0.0,42,9
1611001800.0,-2.3,0.0,0.0,42,6
1611005400.0,-2.2,0.0,0.0,42,6
1611009000.0,-2.3,0.0,0.0,42,6
1611012600.0,-2.4,0.0,0.0,42,6
1611016200.0,-2.6,0.0,0.0,42,6
1611019800.0,-2.4,0.0,0.0,42,6
1611023400.0,-2.4,0.0,0.0,42,6
1611027000.0,-2.3,0.0,0.0,42,6
1611030600.0,-1.9,0.0,0.0,42,7
1611034200.0,-2.2,0.0,0.0,42,15
1611037800.0,-2.1,0.0,0.0,42,31
1611041400.0,-1.8,0.0,0.0,43,46
1611045000.0,-1.8,0.0,0.0,43,51
1611048600.0,-0.5,0.0,0.0,43,52
1611052200.0,0.4,0.0,0.0,43,52
1611055800.0,1.0,0.0,0.0,43,50
1611059400.0,1.8,0.0,0.0,43,55
1611063000.0,2.2,0.0,0.0,43,57
1611066600.0,2.2,0.0,0.0,42,52
1611070200.0,1.5,0.0,0.0,42,45
1611073800.0,1.6,0.0,0.0,42,35
1611077400.0,1.8,0.0,0.0,41,26
1611081000.0,1.7,0.0,0.0,41,11
1611084600.0,1.7,0.0,0.0,41,8
1611088200.0,1.7,0.0,0.0,41,8
1611091800.0,1.9,0.0,0.0,41,8
1611095400.0,2.1,0.0,0.0,41,8
1611099000.0,2.2,0.0,0.0,41,8
1611102600.0,2.1,0.0,0.0,42,10
1611106200.0,2.0,0.0,0.0,42,10
1611109800.0,2.1,0.0,0.0,42,10
1611113400.0,1.5,0.0,0.0,42,9
1611117000.0,1.3,0.0,0.0,42,9
1611120600.0,1.7,0.0,0.0,42,16
1611124200.0,2.2,0.0,0.0,42,32
1611127800.0,1.9,0.0,0.0,46,46
1611131400.0,-0.6,0.0,0.0,48,52
1611135000.0,0.0,0.0,0.0,48,56
1611138600.0,1.5,0.0,0.0,48,55
1611142200.0,2.8,0.0,0.0,47,49
1611145800.0,3.3,0.0,0.0,46,56
1611149400.0,3.2,0.0,0.0,46,56
1611153000.0,3.2,0.0,0.0,45,52
1611156600.0,2.5,0.0,0.0,46,47
1611160200.0,2.4,0.0,0.0,43,35
1611163800.0,2.9,0.0,0.0,42,20
1611167400.0,3.1,0.0,0.0,41,13
1611171000.0,3.3,0.0,0.0,42,9
1611174600.0,3.3,0.0,0.0,42,7
1611178200.0,3.1,0.0,0.0,42,6
1611181800.0,1.7,0.0,0.0,42,7
1611185400.0,2.7,0.0,0.0,42,7
1611189000.0,2.2,0.0,0.0,42,7
1611192600.0,3.2,0.0,0.0,42,7
1611196200.0,3.3,0.0,0.0,42,7
1611199800.0,3.5,0.03,0.0,42,7
1611203400.0,3.2,0.0,0.0,42,7
1611207000.0,3.1,0.0,0.0,42,19
1611210600.0,3.5,0.05,0.0,44,31
1611214200.0,3.5,0.06,0.0,47,47
1611217800.0,3.7,0.0,0.0,47,55
1611221400.0,3.9,0.02,0.0,47,54
1611225000.0,4.8,0.61,0.0,47,57
1611228600.0,5.0,0.33,0.0,47,54
1611232200.0,5.9,0.0,0.0,46,54
1611235800.0,5.9,0.08,0.0,44,53
1611239400.0,5.5,0.01,0.0,43,49
1611243000.0,5.1,0.05,0.0,43,46
1611246600.0,5.4,0.0,0.0,43,33
1611250200.0,5.7,0.0,0.0,42,18
1611253800.0,4.6,0.07,0.0,40,12
1611257400.0,4.8,0.2,0.0,40,8
1611261000.0,4.9,0.36,0.0,41,4
1611264600.0,5.0,0.41,0.0,41,5
1611268200.0,5.3,0.03,0.0,41,5
1611271800.0,5.5,0.47,0.0,41,5
1611275400.0,4.2,0.81,0.0,41,5
1611279000.0,5.7,3.08,0.0,41,5
1611282600.0,5.0,0.0,0.0,41,5
1611286200.0,4.8,0.34,0.0,41,5
1611289800.0,4.5,0.08,0.0,41,6
1611293400.0,4.7,0.52,0.0,41,14
1611297000.0,4.6,0.0,0.0,41,31
1611300600.0,4.4,0.0,0.0,44,56
1611304200.0,3.4,0.0,0.0,49,62
1611307800.0,4.9,0.01,0.0,48,66
1611311400.0,6.0,0.05,0.0,48,64
1611315000.0,6.7,0.0,0.0,48,61
1611318600.0,7.6,0.0,0.0,47,63
1611322200.0,7.2,0.15,0.0,48,65
1611325800.0,6.4,0.19,0.0,48,61
1611329400.0,5.6,0.0,0.0,47,55
1611333000.0,5.2,0.0,0.0,46,38
1611336600.0,4.9,0.0,0.0,42,26
1611340200.0,4.3,0.18,0.0,40,17
1611343800.0,4.0,0.7,0.0,40,11
1611347400.0,3.9,1.75,0.0,40,7
1611351000.0,2.7,3.36,0.0,40,7
1611354600.0,1.4,0.83,0.0,40,7
1611358200.0,1.1,0.66,0.0,40,3
1611361800.0,0.9,1.0,0.0,40,7
1611365400.0,1.0,0.2,0.0,40,7
1611369000.0,1.2,0.17,0.0,40,7
1611372600.0,1.1,0.0,0.0,40,5
1611376200.0,1.0,0.0,0.0,40,5
1611379800.0,0.7,0.0,0.0,40,6
1611383400.0,0.1,0.0,0.0,40,9
1611387000.0,0.0,0.0,0.0,40,12
1611390600.0,0.5,0.0,0.0,41,17
1611394200.0,1.4,0.0,0.0,41,20
1611397800.0,2.0,0.0,0.0,41,22
1611401400.0,2.5,0.0,0.0,41,24
1611405000.0,3.3,0.0,0.0,40,24
1611408600.0,3.2,0.13,0.0,40,26
1611412200.0,2.5,0.02,0.0,40,21
1611415800.0,1.7,0.12,0.0,40,19
1611419400.0,1.5,0.38,0.0,39,10
1611423000.0,1.6,0.62,0.0,39,9
1611426600.0,2.1,0.45,0.0,39,9
1611430200.0,0.9,0.53,0.0,39,8
1611433800.0,1.1,1.04,0.0,39,8
1611437400.0,1.4,0.18,0.0,39,6
1611441000.0,2.0,0.0,0.0,39,4
1611444600.0,2.0,0.11,0.0,39,4
1611448200.0,1.7,0.06,0.0,38,4
1611451800.0,1.1,0.0,0.0,38,4
1611455400.0,0.7,0.0,0.0,38,4
1611459000.0,-0.2,0.0,0.0,38,4
1611462600.0,-1.1,0.0,0.0,38,4
1611466200.0,-1.7,0.0,0.0,38,4
1611469800.0,-2.0,0.0,0.0,38,6
1611473400.0,-1.8,0.0,0.0,38,6
1611477000.0,-0.9,0.0,0.0,38,6
1611480600.0,-0.0,0.0,0.0,38,7
1611484200.0,1.1,0.0,0.0,38,9
1611487800.0,2.0,0.0,0.0,38,12
1611491400.0,2.5,0.0,0.0,38,11
1611495000.0,2.7,0.0,0.0,38,13
1611498600.0,2.6,0.0,0.0,38,12
1611502200.0,1.2,0.0,0.0,38,15
1611505800.0,-0.6,0.0,0.0,38,10
1611509400.0,-0.5,0.0,0.0,38,8
1611513000.0,-0.2,0.0,0.0,38,7
1611516600.0,0.2,0.03,0.0,38,7
1611520200.0,-0.1,0.08,0.0,38,5
1611523800.0,-0.9,0.09,0.0,38,6
1611527400.0,-1.2,0.06,0.0,38,5
1611531000.0,-1.2,0.27,0.4,38,4
1611534600.0,-1.0,0.17,0.3,40,6
1611538200.0,-0.9,0.91,1.4,40,6
1611541800.0,-0.3,0.4,0.6,40,6
1611545400.0,0.6,0.4,0.5,40,6
1611549000.0,0.0,0.52,0.8,40,5
1611552600.0,-0.2,1.46,2.2,40,11
1611556200.0,-1.1,0.46,0.7,40,21
1611559800.0,-0.7,1.17,1.7,41,35
1611563400.0,-0.4,0.93,1.4,41,42
1611567000.0,-0.1,0.39,0.6,42,49
1611570600.0,0.0,0.0,0.0,41,48
1611574200.0,0.1,0.29,0.0,41,47
1611577800.0,0.4,0.35,0.0,42,46
1611581400.0,0.1,0.0,0.0,41,47
1611585000.0,-0.2,0.0,0.0,41,44
1611588600.0,-0.8,0.0,0.0,40,44
1611592200.0,-1.3,0.0,0.0,40,29
1611595800.0,-2.0,0.03,0.0,40,21
1611599400.0,-2.9,0.07,0.0,40,10
1611603000.0,-2.4,0.0,0.0,40,6
1611606600.0,-2.2,0.04,0.0,40,5
1611610200.0,-2.3,0.01,0.0,40,6
1611613800.0,-2.4,0.0,0.0,40,6
1611617400.0,-1.9,0.19,0.3,40,6
1611621000.0,-2.3,0.3,0.4,42,10
1611624600.0,-2.8,0.0,0.0,42,10
1611628200.0,-4.1,0.0,0.0,42,9
1611631800.0,-4.4,0.01,0.0,42,9
1611635400.0,-4.5,0.0,0.0,42,6
1611639000.0,-4.9,0.0,0.0,42,14
1611642600.0,-5.1,0.0,0.0,42,34
1611646200.0,-5.2,0.0,0.0,42,45
1611649800.0,-3.2,0.03,0.0,42,50
1611653400.0,-1.9,0.05,0.0,42,56
1611657000.0,-1.3,0.0,0.0,42,54
1611660600.0,-0.6,0.0,0.0,42,54
1611664200.0,-0.2,0.0,0.0,43,57
1611667800.0,-0.3,0.0,0.0,43,58
1611671400.0,-0.4,0.0,0.0,42,55
1611675000.0,-2.1,0.01,0.0,42,54
1611678600.0,-3.9,0.0,0.0,43,38
1611682200.0,-4.5,0.0,0.0,43,26
1611685800.0,-4.7,0.0,0.0,43,12
1611689400.0,-4.7,0.0,0.0,43,10
1611693000.0,-4.8,0.0,0.0,43,7
1611696600.0,-5.0,0.0,0.0,43,7
1611700200.0,-5.1,0.0,0.0,43,5
1611703800.0,-4.7,0.0,0.0,43,5
1611707400.0,-4.1,0.0,0.0,43,5
1611711000.0,-4.7,0.0,0.0,43,5
1611714600.0,-3.9,0.0,0.0,43,5
1611718200.0,-3.1,0.0,0.0,43,6
1611721800.0,-2.8,0.08,0.0,43,7
1611725400.0,-3.0,0.3,0.4,43,14
1611729000.0,-3.0,0.55,0.8,43,34
1611732600.0,-3.0,0.08,0.0,45,50
1611736200.0,-3.9,0.41,0.6,47,51
1611739800.0,-2.3,0.7,1.0,47,58
1611743400.0,-1.8,0.06,0.0,47,59
1611747000.0,-1.6,0.19,0.3,46,52
1611750600.0,-1.1,0.58,0.9,47,49
1611754200.0,-0.9,0.87,1.3,45,46
1611757800.0,-0.4,0.56,0.8,45,50
1611761400.0,0.2,0.63,0.8,45,41
1611765000.0,0.8,0.99,0.0,44,32
1611768600.0,1.5,0.65,0.0,43,22
1611772200.0,1.9,1.07,0.0,41,13
1611775800.0,2.1,0.97,0.0,42,11
1611779400.0,2.1,1.3,0.0,42,5
1611783000.0,2.4,1.15,0.0,42,6
1611786600.0,2.6,0.08,0.0,42,6
1611790200.0,2.8,0.03,0.0,42,5
1611793800.0,2.6,0.01,0.0,42,5
1611797400.0,3.1,0.04,0.0,42,5
1611801000.0,2.4,0.12,0.0,42,5
1611804600.0,2.8,0.54,0.0,42,6
1611808200.0,2.9,1.2,0.0,42,9
1611811800.0,2.7,1.18,0.0,42,17
1611815400.0,2.8,2.05,0.0,42,32
1611819000.0,2.5,1.67,0.0,44,46
1611822600.0,2.3,0.7,0.0,46,47
1611826200.0,1.8,0.05,0.0,46,49
1611829800.0,2.9,4.78,0.0,46,50
1611833400.0,3.6,4.3,0.0,46,50
1611837000.0,3.7,0.33,0.0,45,54
1611840600.0,3.7,0.02,0.0,45,55
1611844200.0,4.2,0.01,0.0,45,50
1611847800.0,4.4,0.02,0.0,43,44
1611851400.0,4.9,0.35,0.0,42,28
1611855000.0,4.9,0.51,0.0,42,14
1611858600.0,4.6,0.07,0.0,42,10
1611862200.0,4.6,0.21,0.0,42,8
1611865800.0,4.7,0.21,0.0,42,6
1611869400.0,4.7,0.28,0.0,42,6
1611873000.0,4.9,0.13,0.0,42,6
1611876600.0,4.7,0.14,0.0,42,5
1611880200.0,4.7,0.0,0.0,42,8
1611883800.0,4.5,0.93,0.0,42,8
1611887400.0,4.4,4.97,0.0,42,8
1611891000.0,4.4,1.27,0.0,42,7
1611894600.0,4.6,1.71,0.0,42,7
1611898200.0,4.4,1.43,0.0,42,17
1611901800.0,5.2,3.39,0.0,42,29
1611905400.0,5.4,2.88,0.0,44,54
1611909000.0,4.6,2.22,0.0,50,57
1611912600.0,4.9,2.17,0.0,50,62
1611916200.0,5.1,0.2,0.0,49,60
1611919800.0,4.7,0.0,0.0,49,54
1611923400.0,4.2,0.07,0.0,48,58
1611927000.0,4.3,0.15,0.0,48,54
1611930600.0,4.1,0.03,0.0,47,53
1611934200.0,4.0,0.02,0.0,46,46
1611937800.0,3.9,0.57,0.0,45,33
1611941400.0,4.0,0.28,0.0,44,24
1611945000.0,4.0,1.21,0.0,43,14
1611948600.0,3.9,0.19,0.0,42,12
1611952200.0,4.0,0.23,0.0,41,10
1611955800.0,4.4,0.16,0.0,41,11
1611959400.0,4.2,0.01,0.0,41,10
1611963000.0,3.8,0.02,0.0,41,11
1611966600.0,3.9,0.0,0.0,41,17
1611970200.0,4.0,0.0,0.0,41,17
1611973800.0,3.7,0.0,0.0,41,17
1611977400.0,3.2,0.0,0.0,41,16
1611981000.0,2.9,0.0,0.0,41,10
1611984600.0,2.8,0.01,0.0,41,13
1611988200.0,3.0,0.04,0.0,41,14
1611991800.0,2.8,0.16,0.0,41,19
1611995400.0,3.6,0.5,0.0,42,20
1611999000.0,4.3,0.34,0.0,42,25
1612002600.0,4.3,0.48,0.0,43,22
1612006200.0,3.9,1.5,0.0,43,19
1612009800.0,3.7,1.02,0.0,43,20
1612013400.0,3.7,1.47,0.0,43,18
1612017000.0,3.7,1.5,0.0,42,18
1612020600.0,4.2,1.25,0.0,42,14
1612024200.0,4.4,1.34,0.0,43,13
1612027800.0,4.3,0.6,0.0,43,12
1612031400.0,4.1,1.23,0.0,43,9
1612035000.0,4.4,0.7,0.0,43,9
1612038600.0,4.4,0.13,0.0,43,8
1612042200.0,4.4,0.21,0.0,43,8
1612045800.0,4.3,0.0,0.0,43,8
1612049400.0,4.3,0.0,0.0,43,8
1612053000.0,4.3,0.03,0.0,43,12
1612056600.0,4.8,0.08,0.0,43,12
1612060200.0,4.5,0.0,0.0,43,12
1612063800.0,4.1,0.02,0.0,43,12
1612067400.0,4.0,0.0,0.0,43,12
1612071000.0,3.9,0.02,0.0,43,7
1612074600.0,4.0,0.0,0.0,43,7
1612078200.0,4.2,0.0,0.0,43,6
1612081800.0,4.4,0.0,0.0,43,8
1612085400.0,4.8,0.0,0.0,43,7
1612089000.0,5.6,0.0,0.0,43,9
1612092600.0,6.1,0.0,0.0,42,9
1612096200.0,6.2,0.0,0.0,42,10
1612099800.0,6.5,0.0,0.0,42,12
1612103400.0,6.4,0.0,0.0,42,12
1612107000.0,5.3,0.0,0.0,42,8
1612110600.0,4.4,0.0,0.0,42,9
1612114200.0,4.1,0.0,0.0,42,6
1612117800.0,4.5,0.0,0.0,42,7
1612121400.0,4.1,0.0,0.0,42,7
1612125000.0,3.6,0.0,0.0,42,7
1612128600.0,3.6,0.0,0.0,42,7
1612132200.0,3.5,0.02,0.0,42,7
1612135800.0,3.8,0.03,0.0,42,7
1612139400.0,4.1,2.48,0.0,42,12
1612143000.0,3.7,0.98,0.0,42,12
1612146600.0,3.4,0.0,0.0,42,12
1612150200.0,3.3,0.14,0.0,42,12
1612153800.0,3.3,0.06,0.0,42,9
1612157400.0,3.4,0.04,0.0,42,18
1612161000.0,3.6,0.77,0.0,43,32
1612164600.0,3.9,0.62,0.0,44,48
1612168200.0,3.8,0.2,0.0,46,58
1612171800.0,4.3,0.11,0.0,47,63
1612175400.0,4.8,0.35,0.0,48,63
1612179000.0,5.2,1.24,0.0,48,58
1612182600.0,5.5,1.49,0.0,47,57
1612186200.0,5.7,0.67,0.0,47,58
1612189800.0,5.5,0.0,0.0,46,55
1612193400.0,5.3,0.04,0.0,46,49
1612197000.0,5.3,0.02,0.0,44,30
1612200600.0,5.8,0.37,0.0,44,24
1612204200.0,6.2,0.31,0.0,43,10
1612207800.0,6.2,0.0,0.0,41,10
1612211400.0,6.4,0.0,0.0,42,10
1612215000.0,6.4,0.0,0.0,42,6
1612218600.0,6.2,0.0,0.0,42,7
1612222200.0,6.2,0.0,0.0,42,6
1612225800.0,6.1,0.18,0.0,42,8
1612229400.0,6.1,0.0,0.0,42,8
1612233000.0,6.0,0.0,0.0,42,8
1612236600.0,5.8,0.0,0.0,42,8
1612240200.0,5.9,0.0,0.0,42,8
1612243800.0,5.8,0.0,0.0,42,18
1612247400.0,5.8,0.0,0.0,43,33
1612251000.0,5.7,0.22,0.0,43,52
1612254600.0,6.5,0.01,0.0,46,57
1612258200.0,7.1,0.0,0.0,46,60
1612261800.0,7.8,0.84,0.0,46,64
1612265400.0,7.5,0.2,0.0,46,60
1612269000.0,7.3,0.14,0.0,45,67
1612272600.0,7.4,0.07,0.0,44,61
1612276200.0,7.3,0.13,0.0,44,62
1612279800.0,7.4,0.2,0.0,43,52
1612283400.0,7.6,0.18,0.0,43,42
1612287000.0,7.7,0.3,0.0,43,25
1612290600.0,8.3,0.02,0.0,43,15
1612294200.0,8.6,0.09,0.0,43,10
1612297800.0,8.5,0.98,0.0,42,7
1612301400.0,7.7,0.07,0.0,42,6
1612305000.0,7.7,0.52,0.0,42,7
1612308600.0,7.8,0.0,0.0,41,5
1612312200.0,8.3,0.0,0.0,42,6
1612315800.0,8.5,0.03,0.0,42,6
1612319400.0,8.9,0.0,0.0,42,6
1612323000.0,8.2,0.0,0.0,42,6
1612326600.0,8.4,0.35,0.0,42,6
1612330200.0,7.9,1.67,0.0,42,15
1612333800.0,8.0,0.74,0.0,43,31
1612337400.0,7.5,0.22,0.0,42,51
1612341000.0,8.1,0.41,0.0,43,53
1612344600.0,7.8,0.85,0.0,43,54
1612348200.0,8.1,0.96,0.0,44,52
1612351800.0,9.3,1.43,0.0,44,57
1612355400.0,9.0,1.09,0.0,44,58
1612359000.0,8.3,0.56,0.0,45,58
1612362600.0,6.9,1.59,0.0,44,55
1612366200.0,7.3,2.22,0.0,44,45
1612369800.0,8.3,2.73,0.0,43,34
1612373400.0,8.5,0.62,0.0,42,25
1612377000.0,7.6,0.09,0.0,42,15
1612380600.0,8.2,0.0,0.0,40,11
1612384200.0,7.6,0.0,0.0,40,6
1612387800.0,7.3,0.0,0.0,40,5
1612391400.0,6.7,0.0,0.0,40,5
1612395000.0,6.2,0.01,0.0,40,5
1612398600.0,5.9,0.0,0.0,38,12
1612402200.0,5.2,0.0,0.0,38,11
1612405800.0,5.9,0.0,0.0,38,11
1612409400.0,5.1,0.0,0.0,38,11
1612413000.0,4.9,0.0,0.0,38,6
1612416600.0,5.0,0.0,0.0,38,17
1612420200.0,4.4,0.0,0.0,39,32
1612423800.0,4.2,0.0,0.0,42,49
1612427400.0,4.7,0.0,0.0,43,49
1612431000.0,5.9,0.0,0.0,43,54
1612434600.0,6.5,0.08,0.0,44,60
1612438200.0,7.4,0.08,0.0,44,55
1612441800.0,8.0,0.05,0.0,44,60
1612445400.0,8.2,0.22,0.0,44,61
1612449000.0,8.2,0.13,0.0,44,65
1612452600.0,7.4,0.01,0.0,44,58
1612456200.0,6.7,0.0,0.0,43,40
1612459800.0,6.4,0.02,0.0,43,22
1612463400.0,6.1,0.01,0.0,41,14
1612467000.0,6.0,0.01,0.0,39,8
1612470600.0,6.1,0.0,0.0,39,7
1612474200.0,5.5,0.0,0.0,39,6
1612477800.0,5.3,0.0,0.0,38,6
1612481400.0,5.1,0.0,0.0,38,6
1612485000.0,4.8,0.0,0.0,37,6
1612488600.0,4.4,0.0,0.0,37,6
1612492200.0,3.9,0.0,0.0,37,6
1612495800.0,4.0,0.0,0.0,37,6
1612499400.0,3.4,0.0,0.0,37,6
1612503000.0,3.6,0.0,0.0,36,16
1612506600.0,3.6,0.0,0.0,36,29
1612510200.0,4.3,0.0,0.0,39,54
1612513800.0,4.1,0.0,0.0,45,60
1612517400.0,5.3,0.0,0.0,45,64
1612521000.0,6.5,0.0,0.0,44,62
1612524600.0,7.3,0.0,0.0,45,53
1612528200.0,8.6,0.0,0.0,45,53
1612531800.0,8.3,0.0,0.0,45,56
1612535400.0,8.8,0.09,0.0,45,55
1612539000.0,8.2,0.01,0.0,43,47
1612542600.0,7.8,0.0,0.0,42,38
1612546200.0,7.2,0.0,0.0,41,27
1612549800.0,6.9,0.0,0.0,38,20
1612553400.0,6.8,0.0,0.0,37,15
1612557000.0,6.4,0.0,0.0,36,13
1612560600.0,5.4,0.0,0.0,36,13
1612564200.0,4.9,0.0,0.0,36,13
1612567800.0,4.5,0.0,0.0,36,10
1612571400.0,3.9,0.0,0.0,34,17
1612575000.0,3.3,0.0,0.0,34,17
1612578600.0,3.2,0.0,0.0,34,17
1612582200.0,3.5,0.0,0.0,34,17
1612585800.0,3.7,0.0,0.0,34,11
1612589400.0,3.4,0.0,0.0,34,13
1612593000.0,3.0,0.0,0.0,34,15
1612596600.0,3.3,0.0,0.0,34,20
1612600200.0,2.8,0.0,0.0,35,24
1612603800.0,4.0,0.0,0.0,35,27
1612607400.0,4.9,0.0,0.0,35,30
1612611000.0,7.0,0.01,0.0,35,28
1612614600.0,8.5,0.0,0.0,36,28
1612618200.0,9.0,0.0,0.0,36,25
1612621800.0,7.8,0.0,0.0,35,27
1612625400.0,7.3,0.0,0.0,35,22
1612629000.0,6.6,0.0,0.0,34,15
1612632600.0,6.8,0.0,0.0,33,12
1612636200.0,6.1,0.0,0.0,33,9
1612639800.0,5.9,0.0,0.0,33,9
1612643400.0,6.9,0.07,0.0,33,9
1612647000.0,4.1,0.06,0.0,33,9
1612650600.0,4.8,0.14,0.0,33,9
1612654200.0,5.9,0.11,0.0,33,9
1612657800.0,6.1,0.2,0.0,34,9
1612661400.0,5.8,0.49,0.0,34,9
1612665000.0,5.5,0.03,0.0,34,9
1612668600.0,4.9,0.0,0.0,34,8
1612672200.0,5.5,0.0,0.0,34,8
1612675800.0,4.3,0.0,0.0,34,8
1612679400.0,5.1,0.01,0.0,34,8
1612683000.0,5.8,0.0,0.0,34,8
1612686600.0,5.3,0.0,0.0,34,10
1612690200.0,5.1,0.01,0.0,34,12
1612693800.0,6.0,0.05,0.0,35,12
1612697400.0,5.9,0.6,0.0,35,11
1612701000.0,5.9,0.77,0.0,34,11
1612704600.0,5.5,0.28,0.0,34,11
1612708200.0,4.7,0.12,0.0,34,11
1612711800.0,3.9,0.08,0.0,34,10
1612715400.0,3.1,0.47,0.0,35,10
1612719000.0,2.9,0.45,0.0,35,10
1612722600.0,3.1,0.1,0.0,33,7
1612726200.0,2.2,0.0,0.0,33,8
1612729800.0,1.9,0.0,0.0,33,7
1612733400.0,1.0,0.0,0.0,34,7
1612737000.0,1.3,0.03,0.0,34,7
1612740600.0,1.4,0.02,0.0,34,7
1612744200.0,1.4,0.02,0.0,36,10
1612747800.0,1.0,0.09,0.0,36,10
1612751400.0,0.6,0.02,0.0,36,10
1612755000.0,0.8,0.04,0.0,36,10
1612758600.0,1.0,0.22,0.0,36,9
1612762200.0,1.1,0.26,0.0,36,21
1612765800.0,0.8,0.07,0.0,38,36
1612769400.0,1.0,0.0,0.0,38,55
1612773000.0,1.9,0.0,0.0,42,56
1612776600.0,2.7,0.0,0.0,42,65
1612780200.0,3.0,0.05,0.0,41,70
1612783800.0,3.5,0.01,0.0,40,61
1612787400.0,3.7,0.0,0.0,41,57
1612791000.0,4.7,0.01,0.0,42,61
1612794600.0,4.4,0.01,0.0,42,56
1612798200.0,3.8,0.02,0.0,42,48
1612801800.0,2.9,0.02,0.0,41,34
1612805400.0,2.6,0.0,0.0,40,23
1612809000.0,2.6,0.0,0.0,39,10
1612812600.0,2.5,0.0,0.0,38,9
1612816200.0,2.4,0.0,0.0,38,7
1612819800.0,2.1,0.0,0.0,38,5
1612823400.0,1.7,0.0,0.0,38,6
1612827000.0,1.7,0.01,0.0,38,5
1612830600.0,1.7,0.07,0.0,38,5
1612834200.0,1.4,0.17,0.0,38,5
1612837800.0,1.3,0.44,0.0,38,5
1612841400.0,0.6,0.2,0.0,38,5
1612845000.0,0.0,0.76,0.0,38,5
1612848600.0,-0.4,0.61,0.9,38,15
1612852200.0,-0.2,0.27,0.0,39,25
1612855800.0,-0.0,0.03,0.0,41,41
1612859400.0,0.6,0.0,0.0,43,47
1612863000.0,1.0,0.0,0.0,42,49
1612866600.0,1.1,0.0,0.0,43,54
1612870200.0,1.6,0.0,0.0,43,51
1612873800.0,1.9,0.0,0.0,42,53
1612877400.0,2.3,0.0,0.0,40,57
1612881000.0,2.2,0.0,0.0,40,54
1612884600.0,1.5,0.0,0.0,39,49
1612888200.0,1.0,0.0,0.0,39,40
1612891800.0,0.4,0.0,0.0,39,19
1612895400.0,0.0,0.0,0.0,37,14
1612899000.0,-0.5,0.0,0.0,38,10
1612902600.0,-0.8,0.0,0.0,37,8
1612906200.0,-1.0,0.0,0.0,37,7
1612909800.0,-0.9,0.09,0.0,37,5
1612913400.0,-0.8,0.13,0.0,38,6
1612917000.0,-0.5,0.29,0.4,41,12
1612920600.0,-0.3,0.47,0.7,41,12
1612924200.0,-0.2,0.39,0.6,41,12
1612927800.0,-0.2,0.53,0.8,41,12
1612931400.0,-0.4,0.23,0.3,41,7
1612935000.0,-0.5,0.32,0.5,41,20
1612938600.0,-0.4,0.11,0.0,43,41
1612942200.0,-0.4,0.0,0.0,46,58
1612945800.0,0.7,0.02,0.0,46,64
1612949400.0,1.3,0.75,0.0,46,61
1612953000.0,2.5,0.19,0.0,46,64
1612956600.0,2.4,0.06,0.0,46,63
1612960200.0,2.8,0.01,0.0,46,57
1612963800.0,2.9,0.0,0.0,47,57
1612967400.0,2.2,0.0,0.0,44,58
1612971000.0,1.5,0.24,0.0,43,50
1612974600.0,1.6,0.39,0.0,43,38
1612978200.0,1.2,0.29,0.0,41,23
1612981800.0,0.3,0.36,0.0,40,13
1612985400.0,-1.9,0.77,1.1,41,10
1612989000.0,-2.6,0.08,0.0,41,10
1612992600.0,-2.9,0.0,0.0,41,10
1612996200.0,-2.9,0.02,0.0,41,9
1612999800.0,-2.8,0.0,0.0,41,9
1613003400.0,-3.6,0.0,0.0,41,9
1613007000.0,-4.4,0.0,0.0,41,9
1613010600.0,-4.5,0.0,0.0,41,9
1613014200.0,-4.9,0.0,0.0,41,9
1613017800.0,-5.0,0.0,0.0,41,10
1613021400.0,-5.8,0.0,0.0,41,19
1613025000.0,-6.5,0.0,0.0,42,32
1613028600.0,-7.1,0.0,0.0,44,54
1613032200.0,-7.7,0.0,0.0,45,56
1613035800.0,-7.2,0.0,0.0,44,62
1613039400.0,-6.1,0.0,0.0,45,62
1613043000.0,-5.2,0.0,0.0,45,62
1613046600.0,-4.7,0.0,0.0,45,62
1613050200.0,-4.7,0.0,0.0,46,60
1613053800.0,-5.1,0.0,0.0,44,50
1613057400.0,-6.1,0.0,0.0,44,47
1613061000.0,-7.4,0.0,0.0,42,34
1613064600.0,-7.6,0.0,0.0,42,25
1613068200.0,-7.5,0.0,0.0,41,12
1613071800.0,-7.2,0.0,0.0,39,11
1613075400.0,-7.2,0.0,0.0,39,11
1613079000.0,-8.1,0.0,0.0,39,11
1613082600.0,-8.7,0.0,0.0,39,9
1613086200.0,-9.2,0.0,0.0,39,10
1613089800.0,-9.5,0.0,0.0,42,16
1613093400.0,-9.4,0.0,0.0,42,16
1613097000.0,-9.3,0.0,0.0,42,16
1613100600.0,-8.8,0.0,0.0,42,16
1613104200.0,-9.0,0.0,0.0,42,10
1613107800.0,-9.4,0.0,0.0,42,21
1613111400.0,-9.3,0.0,0.0,44,38
1613115000.0,-8.4,0.0,0.0,45,60
1613118600.0,-8.3,0.0,0.0,47,64
1613122200.0,-6.8,0.0,0.0,47,67
1613125800.0,-5.8,0.0,0.0,47,70
1613129400.0,-4.2,0.0,0.0,47,64
1613133000.0,-3.6,0.0,0.0,47,65
1613136600.0,-3.7,0.0,0.0,47,58
1613140200.0,-3.6,0.0,0.0,47,51
1613143800.0,-4.0,0.0,0.0,47,49
1613147400.0,-4.9,0.0,0.0,45,41
1613151000.0,-5.1,0.0,0.0,45,30
1613154600.0,-5.6,0.0,0.0,44,15
1613158200.0,-5.8,0.0,0.0,42,14
1613161800.0,-6.2,0.0,0.0,42,10
1613165400.0,-6.4,0.0,0.0,42,10
1613169000.0,-7.3,0.0,0.0,41,9
1613172600.0,-7.9,0.0,0.0,41,7
1613176200.0,-8.8,0.0,0.0,41,10
1613179800.0,-9.0,0.0,0.0,41,10
1613183400.0,-9.2,0.0,0.0,41,10
1613187000.0,-9.2,0.0,0.0,41,10
1613190600.0,-9.0,0.0,0.0,41,9
1613194200.0,-9.0,0.0,0.0,40,9
1613197800.0,-9.9,0.0,0.0,41,12
1613201400.0,-9.8,0.0,0.0,41,15
1613205000.0,-8.0,0.0,0.0,41,16
1613208600.0,-6.8,0.0,0.0,42,18
1613212200.0,-5.4,0.0,0.0,42,22
1613215800.0,-4.5,0.0,0.0,42,25
1613219400.0,-4.1,0.0,0.0,42,24
1613223000.0,-3.7,0.0,0.0,42,22
1613226600.0,-3.4,0.0,0.0,42,24
1613230200.0,-3.8,0.0,0.0,42,23
1613233800.0,-5.0,0.0,0.0,42,18
1613237400.0,-5.6,0.0,0.0,41,14
1613241000.0,-5.9,0.0,0.0,40,10
1613244600.0,-6.4,0.0,0.0,40,13
1613248200.0,-7.1,0.0,0.0,40,10
1613251800.0,-7.4,0.0,0.0,40,10
1613255400.0,-7.3,0.0,0.0,39,7
1613259000.0,-6.9,0.0,0.0,39,7
1613262600.0,-7.3,0.0,0.0,40,7
1613266200.0,-6.9,0.0,0.0,40,7
1613269800.0,-6.8,0.0,0.0,40,7
1613273400.0,-6.6,0.0,0.0,40,7
1613277000.0,-6.3,0.0,0.0,40,7
1613280600.0,-6.2,0.0,0.0,40,7
1613284200.0,-5.9,0.0,0.0,40,7
1613287800.0,-5.5,0.0,0.0,40,9
1613291400.0,-7.4,0.0,0.0,41,10
1613295000.0,-6.1,0.0,0.0,41,10
1613298600.0,-4.2,0.0,0.0,41,10
1613302200.0,-2.5,0.0,0.0,41,12
1613305800.0,-1.2,0.0,0.0,40,14
1613309400.0,-0.5,0.0,0.0,40,13
1613313000.0,0.4,0.0,0.0,40,11
1613316600.0,0.3,0.0,0.0,39,12
1613320200.0,-1.4,0.0,0.0,39,9
1613323800.0,-1.9,0.0,0.0,40,9
1613327400.0,-1.6,0.0,0.0,40,8
1613331000.0,-1.7,0.0,0.0,40,6
1613334600.0,-1.6,0.0,0.0,40,7
1613338200.0,-1.9,0.0,0.0,40,7
1613341800.0,-1.9,0.0,0.0,40,6
1613345400.0,-1.5,0.0,0.0,40,7
1613349000.0,-1.6,0.0,0.0,41,7
1613352600.0,-1.2,0.0,0.0,41,7
1613356200.0,-1.1,0.0,0.0,41,7
1613359800.0,-0.9,0.0,0.0,41,7
1613363400.0,-0.8,0.0,0.0,41,7
1613367000.0,-0.8,0.0,0.0,41,17
1613370600.0,-0.8,0.0,0.0,41,29
1613374200.0,-0.3,0.0,0.0,42,47
1613377800.0,-1.9,0.0,0.0,46,53
1613381400.0,-0.4,0.01,0.0,46,59
1613385000.0,1.7,0.0,0.0,47,58
1613388600.0,2.4,0.0,0.0,47,55
1613392200.0,2.8,0.02,0.0,46,57
1613395800.0,3.2,0.29,0.0,45,58
1613399400.0,2.4,0.07,0.0,43,54
1613403000.0,2.1,0.23,0.0,43,45
1613406600.0,2.0,0.06,0.0,43,31
1613410200.0,2.5,0.0,0.0,43,18
1613413800.0,2.5,0.01,0.0,42,13
1613417400.0,2.9,0.01,0.0,40,11
1613421000.0,2.2,0.9,0.0,40,8
1613424600.0,3.0,1.27,0.0,40,6
1613428200.0,3.2,0.02,0.0,41,7
1613431800.0,3.2,0.0,0.0,41,6
1613435400.0,2.8,0.05,0.0,42,5
1613439000.0,3.0,0.78,0.0,42,5
1613442600.0,3.0,0.55,0.0,42,5
1613446200.0,4.0,1.65,0.0,42,5
1613449800.0,3.7,0.06,0.0,42,8
1613453400.0,3.1,0.01,0.0,42,19
1613457000.0,3.3,0.15,0.0,42,35
1613460600.0,2.8,0.0,0.0,43,53
1613464200.0,2.8,0.0,0.0,47,60
1613467800.0,3.5,0.0,0.0,47,67
1613471400.0,6.1,0.0,0.0,47,64
1613475000.0,7.2,0.0,0.0,47,64
1613478600.0,7.9,0.0,0.0,47,65
1613482200.0,8.7,0.0,0.0,46,63
1613485800.0,8.8,0.0,0.0,45,57
1613489400.0,8.4,0.0,0.0,44,54
1613493000.0,7.0,0.0,0.0,43,41
1613496600.0,6.0,0.0,0.0,42,23
1613500200.0,5.5,0.0,0.0,43,12
1613503800.0,5.6,0.0,0.0,43,11
1613507400.0,4.6,0.0,0.0,43,9
1613511000.0,5.0,0.01,0.0,43,8
1613514600.0,7.1,0.07,0.0,43,8
1613518200.0,6.5,0.36,0.0,43,7
1613521800.0,6.3,0.9,0.0,44,8
1613525400.0,6.7,2.01,0.0,44,8
1613529000.0,6.3,0.08,0.0,44,8
1613532600.0,5.9,0.06,0.0,44,8
1613536200.0,5.3,0.0,0.0,44,9
1613539800.0,4.4,0.0,0.0,44,19
1613543400.0,4.3,0.0,0.0,44,28
1613547000.0,3.8,0.0,0.0,43,49
1613550600.0,3.6,0.0,0.0,46,53
1613554200.0,4.8,0.0,0.0,46,49
1613557800.0,6.4,0.0,0.0,46,56
1613561400.0,8.4,0.0,0.0,46,55
1613565000.0,9.1,0.0,0.0,44,53
1613568600.0,9.3,0.0,0.0,43,57
1613572200.0,8.7,0.0,0.0,43,55
1613575800.0,8.2,0.0,0.0,42,49
1613579400.0,6.7,0.0,0.0,42,34
1613583000.0,5.6,0.0,0.0,41,18
1613586600.0,4.3,0.0,0.0,41,14
1613590200.0,3.7,0.0,0.0,41,11
1613593800.0,3.7,0.0,0.0,41,9
1613597400.0,4.5,0.0,0.0,41,7
1613601000.0,4.4,0.0,0.0,41,7
1613604600.0,4.0,0.0,0.0,41,7
1613608200.0,3.1,0.0,0.0,43,8
1613611800.0,3.4,0.0,0.0,43,8
1613615400.0,1.5,0.0,0.0,43,9
1613619000.0,-0.7,0.0,0.0,43,9
1613622600.0,-0.1,0.0,0.0,43,9
1613626200.0,0.9,0.0,0.0,43,22
1613629800.0,1.7,0.0,0.0,43,33
1613633400.0,0.3,0.0,0.0,44,53
1613637000.0,1.1,0.0,0.0,45,58
1613640600.0,2.4,0.0,0.0,45,59
1613644200.0,3.8,0.0,0.0,46,62
1613647800.0,5.7,0.0,0.0,46,62
1613651400.0,7.5,0.0,0.0,46,58
1613655000.0,7.8,0.0,0.0,45,57
1613658600.0,8.1,0.0,0.0,44,55
1613662200.0,7.8,0.0,0.0,44,51
1613665800.0,6.8,0.0,0.0,44,38
1613669400.0,5.9,0.0,0.0,43,17
1613673000.0,5.4,0.0,0.0,43,10
1613676600.0,5.4,0.0,0.0,43,10
1613680200.0,5.1,0.0,0.0,43,5
1613683800.0,5.0,0.0,0.0,43,4
1613687400.0,5.5,0.0,0.0,43,5
1613691000.0,5.2,0.0,0.0,43,5
1613694600.0,5.4,0.0,0.0,43,8
1613698200.0,5.0,0.01,0.0,43,8
1613701800.0,5.3,0.02,0.0,43,8
1613705400.0,5.7,0.0,0.0,43,8
1613709000.0,5.6,0.0,0.0,43,8
1613712600.0,5.6,0.0,0.0,43,19
1613716200.0,5.6,0.0,0.0,43,35
1613719800.0,5.9,0.0,0.0,46,56
1613723400.0,4.9,0.0,0.0,48,59
1613727000.0,6.3,0.0,0.0,49,61
1613730600.0,8.3,0.0,0.0,50,60
1613734200.0,9.4,0.0,0.0,50,57
1613737800.0,10.1,0.0,0.0,48,55
1613741400.0,10.3,0.0,0.0,46,58
1613745000.0,10.6,0.0,0.0,46,53
1613748600.0,10.7,0.0,0.0,46,53
1613752200.0,9.3,0.0,0.0,46,43
1613755800.0,7.9,0.0,0.0,45,21
1613759400.0,7.1,0.0,0.0,44,16
1613763000.0,6.5,0.0,0.0,44,14
1613766600.0,6.0,0.0,0.0,44,8
1613770200.0,5.8,0.0,0.0,44,10
1613773800.0,5.8,0.0,0.0,44,8
1613777400.0,5.4,0.0,0.0,44,9
1613781000.0,5.2,0.0,0.0,44,20
1613784600.0,5.0,0.0,0.0,44,20
1613788200.0,4.9,0.0,0.0,44,19
1613791800.0,5.1,0.0,0.0,44,18
1613795400.0,4.3,0.0,0.0,44,10
1613799000.0,3.0,0.0,0.0,44,11
1613802600.0,3.1,0.0,0.0,44,13
1613806200.0,3.8,0.0,0.0,43,17
1613809800.0,4.0,0.0,0.0,44,18
1613813400.0,5.6,0.0,0.0,44,22
1613817000.0,6.5,0.0,0.0,45,32
1613820600.0,8.0,0.0,0.0,45,31
1613824200.0,10.0,0.0,0.0,45,38
1613827800.0,10.8,0.0,0.0,44,38
1613831400.0,11.0,0.0,0.0,44,35
1613835000.0,10.6,0.0,0.0,43,28
1613838600.0,9.2,0.0,0.0,43,13
1613842200.0,8.1,0.0,0.0,44,9
1613845800.0,7.4,0.0,0.0,44,7
1613849400.0,6.9,0.0,0.0,44,6
1613853000.0,6.4,0.0,0.0,44,8
1613856600.0,5.9,0.0,0.0,44,4
1613860200.0,6.5,0.0,0.0,44,5
1613863800.0,6.4,0.0,0.0,44,5
1613867400.0,6.6,0.0,0.0,44,6
1613871000.0,6.4,0.0,0.0,44,7
1613874600.0,6.3,0.0,0.0,44,7
1613878200.0,6.2,0.0,0.0,44,7
1613881800.0,5.6,0.0,0.0,44,7
1613885400.0,4.8,0.0,0.0,44,8
1613889000.0,5.4,0.0,0.0,44,10
1613892600.0,5.3,0.0,0.0,44,11
1613896200.0,4.1,0.0,0.0,44,12
1613899800.0,5.3,0.0,0.0,44,12
1613903400.0,7.3,0.0,0.0,45,17
1613907000.0,10.1,0.0,0.0,45,18
1613910600.0,11.6,0.0,0.0,46,20
1613914200.0,12.2,0.0,0.0,47,21
1613917800.0,12.4,0.0,0.0,46,20
1613921400.0,12.1,0.0,0.0,45,17
1613925000.0,10.8,0.0,0.0,45,14
1613928600.0,9.6,0.0,0.0,45,12
1613932200.0,8.6,0.0,0.0,44,12
1613935800.0,8.2,0.0,0.0,44,8
1613939400.0,7.6,0.0,0.0,44,9
1613943000.0,5.5,0.0,0.0,44,10
1613946600.0,5.9,0.0,0.0,44,10
1613950200.0,6.1,0.0,0.0,44,9
1613953800.0,6.2,0.0,0.0,44,9
1613957400.0,7.2,0.0,0.0,44,9
1613961000.0,6.0,0.0,0.0,44,9
1613964600.0,6.8,0.0,0.0,44,9
1613968200.0,6.3,0.0,0.0,44,10
1613971800.0,6.8,0.0,0.0,44,20
1613975400.0,6.8,0.0,0.0,45,28
1613979000.0,5.4,0.0,0.0,46,44
1613982600.0,2.7,0.0,0.0,45,50
1613986200.0,5.5,0.0,0.0,45,55
1613989800.0,8.8,0.0,0.0,45,55
1613993400.0,10.6,0.0,0.0,45,54
1613997000.0,12.1,0.0,0.0,44,53
1614000600.0,12.8,0.0,0.0,43,52
1614004200.0,13.3,0.0,0.0,43,53
1614007800.0,12.9,0.0,0.0,43,47
1614011400.0,11.2,0.0,0.0,42,30
1614015000.0,10.8,0.0,0.0,42,18
1614018600.0,10.6,0.0,0.0,42,12
1614022200.0,10.4,0.0,0.0,42,11
1614025800.0,10.2,0.0,0.0,42,8
1614029400.0,9.9,0.0,0.0,42,9
1614033000.0,9.3,0.0,0.0,42,7
1614036600.0,9.0,0.0,0.0,42,9
1614040200.0,9.6,0.0,0.0,42,11
1614043800.0,9.1,0.0,0.0,42,11
1614047400.0,8.5,0.0,0.0,42,11
1614051000.0,8.8,0.0,0.0,42,10
1614054600.0,8.0,0.0,0.0,42,9
1614058200.0,7.6,0.0,0.0,41,18
1614061800.0,8.1,0.0,0.0,41,36
1614065400.0,8.4,0.0,0.0,41,55
1614069000.0,4.9,0.0,0.0,41,59
1614072600.0,6.6,0.0,0.0,41,61
1614076200.0,9.2,0.0,0.0,41,60
1614079800.0,11.2,0.0,0.0,41,58
1614083400.0,12.6,0.0,0.0,41,43
1614087000.0,13.4,0.0,0.0,41,4
1614090600.0,13.7,0.0,0.0,41,9
1614094200.0,13.0,0.0,0.0,41,14
1614097800.0,11.4,0.0,0.0,41,28
1614101400.0,9.7,0.0,0.0,41,48
1614105000.0,9.2,0.0,0.0,41,51
1614108600.0,8.6,0.0,0.0,41,57
1614112200.0,8.2,0.0,0.0,41,58
1614115800.0,8.1,0.0,0.0,41,57
1614119400.0,7.9,0.0,0.0,41,56
1614123000.0,7.4,0.0,0.0,41,57
1614126600.0,7.7,0.0,0.0,41,59
1614130200.0,7.7,0.0,0.0,41,58
1614133800.0,7.5,0.0,0.0,41,58
1614137400.0,7.2,0.0,0.0,41,58
1614141000.0,7.0,0.0,0.0,41,59
1614144600.0,6.8,0.0,0.0,41,57
1614148200.0,6.5,0.0,0.0,41,59
1614151800.0,6.6,0.0,0.0,41,67
1614155400.0,4.1,0.0,0.0,41,67
1614159000.0,7.3,0.0,0.0,41,64
1614162600.0,9.1,0.0,0.0,41,64
1614166200.0,11.1,0.0,0.0,41,62
1614169800.0,13.2,0.0,0.0,41,64
1614173400.0,14.4,0.0,0.0,41,61
1614177000.0,14.4,0.0,0.0,41,61
1614180600.0,13.6,0.0,0.0,41,59
1614184200.0,12.3,0.0,0.0,41,54
1614187800.0,10.5,0.0,0.0,41,52
1614191400.0,9.5,0.0,0.0,41,49
1614195000.0,8.9,0.0,0.0,41,50
1614198600.0,8.6,0.0,0.0,41,49
1614202200.0,8.9,0.0,0.0,41,50
1614205800.0,8.6,0.0,0.0,41,49
1614209400.0,7.5,0.0,0.0,41,47
1614213000.0,7.4,0.0,0.0,42,51
1614216600.0,7.5,0.0,0.0,42,51
1614220200.0,7.3,0.0,0.0,42,51
1614223800.0,7.0,0.0,0.0,42,51
1614227400.0,6.9,0.0,0.0,42,49
1614231000.0,6.7,0.0,0.0,42,43
1614234600.0,6.5,0.0,0.0,42,52
1614238200.0,6.4,0.0,0.0,42,60
1614241800.0,4.4,0.0,0.0,42,53
1614245400.0,6.9,0.0,0.0,42,57
1614249000.0,9.3,0.0,0.0,42,59
1614252600.0,11.6,0.0,0.0,42,60
1614256200.0,13.2,0.0,0.0,42,56
1614259800.0,14.1,0.0,0.0,42,56
1614263400.0,14.5,0.0,0.0,42,56
1614267000.0,13.9,0.0,0.0,42,52
1614270600.0,12.4,0.0,0.0,42,31
1614274200.0,10.9,0.0,0.0,42,21
1614277800.0,9.9,0.0,0.0,42,15
1614281400.0,9.2,0.0,0.0,42,11
1614285000.0,8.7,0.0,0.0,42,6
1614288600.0,8.6,0.0,0.0,42,5
1614292200.0,8.6,0.0,0.0,42,5
1614295800.0,8.3,0.0,0.0,42,3
1614299400.0,7.8,0.0,0.0,42,4
1614303000.0,7.7,0.0,0.0,42,4
1614306600.0,7.2,0.0,0.0,42,4
1614310200.0,6.7,0.0,0.0,42,4
1614313800.0,6.7,0.0,0.0,42,4
1614317400.0,6.9,0.0,0.0,42,18
1614321000.0,6.6,0.0,0.0,42,33
1614324600.0,6.8,0.0,0.0,42,53
1614328200.0,4.9,0.0,0.0,42,59
1614331800.0,8.3,0.0,0.0,42,62
1614335400.0,10.3,0.0,0.0,42,64
1614339000.0,11.5,0.0,0.0,42,56
1614342600.0,11.3,0.0,0.0,42,53
1614346200.0,12.7,0.0,0.0,42,52
1614349800.0,13.0,0.0,0.0,42,54
1614353400.0,11.3,0.03,0.0,42,46
1614357000.0,10.7,0.0,0.0,42,37
1614360600.0,9.4,0.03,0.0,42,27
1614364200.0,9.0,0.0,0.0,42,15
1614367800.0,8.7,0.0,0.0,42,11
1614371400.0,7.6,0.04,0.0,42,9
1614375000.0,7.1,0.0,0.0,42,10
1614378600.0,6.1,0.0,0.0,42,9
1614382200.0,5.7,0.0,0.0,42,7
1614385800.0,4.9,0.0,0.0,42,8
1614389400.0,4.1,0.0,0.0,42,8
1614393000.0,3.9,0.0,0.0,42,8
1614396600.0,3.7,0.0,0.0,42,8
1614400200.0,3.4,0.0,0.0,42,8
1614403800.0,3.1,0.0,0.0,42,11
1614407400.0,2.9,0.0,0.0,42,13
1614411000.0,3.0,0.0,0.0,42,18
1614414600.0,4.1,0.0,0.0,42,23
1614418200.0,4.8,0.0,0.0,42,23
1614421800.0,5.6,0.0,0.0,42,27
1614425400.0,6.0,0.0,0.0,42,24
1614429000.0,6.3,0.0,0.0,42,25
1614432600.0,6.7,0.0,0.0,42,24
1614436200.0,6.7,0.0,0.0,42,22
1614439800.0,5.8,0.0,0.0,42,19
1614443400.0,5.3,0.0,0.0,42,14
1614447000.0,4.5,0.0,0.0,42,13
1614450600.0,3.7,0.0,0.0,42,12
1614454200.0,2.8,0.0,0.0,42,11
1614457800.0,1.8,0.0,0.0,42,9
1614461400.0,1.0,0.0,0.0,42,10
1614465000.0,0.5,0.0,0.0,42,10
1614468600.0,0.1,0.0,0.0,42,7
1614472200.0,-0.2,0.0,0.0,42,10
1614475800.0,-0.6,0.0,0.0,42,9
1614479400.0,-0.8,0.0,0.0,42,9
1614483000.0,-0.9,0.0,0.0,42,9
1614486600.0,-0.9,0.0,0.0,42,9
1614490200.0,-1.0,0.0,0.0,42,9
1614493800.0,-1.2,0.0,0.0,42,11
1614497400.0,-0.1,0.0,0.0,42,12
1614501000.0,1.9,0.0,0.0,42,10
1614504600.0,4.5,0.0,0.0,42,10
1614508200.0,6.6,0.0,0.0,42,13
1614511800.0,7.5,0.0,0.0,42,13
1614515400.0,8.8,0.0,0.0,42,17
1614519000.0,9.4,0.0,0.0,42,16
1614522600.0,8.9,0.0,0.0,42,14
1614526200.0,8.8,0.0,0.0,42,12
1614529800.0,6.9,0.0,0.0,42,13
1614533400.0,5.2,0.0,0.0,42,12
